DYNAMIXEL Graph,3
ItemCount,3
-1,311,MX-64(2.0),Realtime Tick,#000000,0
-1,311,MX-64(2.0),Present Position,#ffff00,0
-1,311,MX-64(2.0),Present Velocity,#ff0000,0
Time[ms],Realtime Tick,Present Position,Present Velocity
0,14929,105,0
100,15029,105,0
149,15078,105,0
170,15099,105,0
190,15119,105,0
210,15139,105,0
230,15159,105,0
250,15179,105,0
270,15199,105,0
290,15219,105,0
310,15239,105,0
330,15259,105,0
350,15279,105,0
370,15299,104,0
390,15319,105,0
410,15339,105,0
430,15359,105,0
450,15379,105,0
470,15399,105,0
490,15419,105,0
510,15439,105,0
530,15459,105,0
550,15479,105,0
570,15499,105,0
590,15519,105,0
610,15539,105,0
630,15559,105,0
650,15579,105,0
670,15599,105,0
690,15619,105,0
710,15639,105,0
730,15659,105,0
750,15679,105,0
770,15699,105,0
790,15719,105,0
810,15739,105,0
830,15759,105,0
850,15779,105,0
870,15799,105,0
890,15819,105,0
910,15839,105,0
930,15859,105,0
950,15879,105,0
970,15899,105,0
990,15919,105,0
1010,15939,105,0
1030,15959,105,0
1050,15979,105,0
1070,15999,105,0
1090,16019,105,0
1110,16039,105,0
1130,16059,105,0
1150,16079,105,0
1170,16099,105,0
1190,16119,105,0
1210,16139,105,0
1230,16159,105,0
1250,16179,105,0
1270,16199,105,0
1290,16219,105,0
1310,16239,105,0
1330,16259,105,0
1350,16279,105,0
1370,16299,105,0
1390,16319,105,0
1410,16339,105,0
1430,16359,105,0
1450,16379,105,0
1470,16399,105,0
1490,16419,105,0
1510,16439,105,0
1530,16459,105,0
1550,16479,105,0
1570,16499,105,0
1590,16519,105,0
1610,16539,105,0
1630,16559,105,0
1650,16579,105,0
1670,16599,105,0
1690,16619,105,0
1710,16639,105,0
1730,16659,105,0
1750,16679,105,0
1770,16699,105,0
1790,16719,105,0
1810,16739,105,0
1830,16759,105,0
1850,16779,105,0
1870,16799,105,0
1890,16819,105,0
1910,16839,105,0
1929,16858,105,0
1950,16879,105,0
1970,16899,105,0
1990,16919,105,0
2010,16939,105,0
2030,16959,105,0
2050,16979,105,0
2070,16999,105,0
2090,17019,105,0
2110,17039,105,0
2130,17059,105,0
2150,17079,105,0
2170,17099,105,0
2190,17119,105,0
2210,17139,105,0
2230,17159,105,0
2250,17179,105,0
2270,17199,105,0
2290,17219,105,0
2309,17238,105,0
2330,17259,105,0
2350,17279,105,0
2370,17299,105,0
2390,17319,105,0
2410,17339,105,0
2430,17359,105,0
2450,17379,105,0
2470,17399,105,0
2490,17419,105,0
2510,17439,105,0
2529,17458,105,0
2550,17479,105,0
2570,17499,105,0
2590,17519,105,0
2610,17539,105,0
2629,17558,105,0
2650,17579,105,0
2669,17598,105,0
2689,17618,105,0
2709,17638,105,0
2729,17658,105,0
2749,17678,105,0
2769,17698,105,0
2789,17718,105,0
2809,17738,105,0
2830,17759,105,0
2850,17779,105,0
2870,17799,105,0
2890,17819,105,0
2909,17838,105,0
2929,17858,105,0
2949,17878,105,0
2970,17899,105,0
2989,17918,105,0
3009,17938,105,0
3029,17958,105,0
3050,17979,105,0
3069,17998,104,0
3089,18018,105,0
3109,18038,105,0
3129,18058,105,0
3150,18079,105,0
3169,18098,105,0
3189,18118,105,0
3209,18138,105,0
3229,18158,105,0
3249,18178,105,0
3269,18198,105,0
3289,18218,105,0
3309,18238,105,0
3329,18258,105,0
3350,18279,112,3
3369,18298,120,17
3390,18319,124,20
3409,18338,124,12
3429,18358,137,6
3449,18378,200,65
3469,18398,238,139
3489,18418,253,117
3509,18438,258,64
3529,18458,261,28
3549,18478,279,26
3569,18498,289,41
3589,18518,293,33
3609,18538,293,17
3629,18558,305,8
3649,18578,380,69
3669,18598,446,176
3689,18618,474,179
3709,18638,485,111
3729,18658,551,92
3749,18678,633,177
3769,18698,682,218
3789,18718,699,160
3809,18738,707,82
3829,18758,756,70
3849,18778,793,118
3869,18798,808,106
3889,18818,812,61
3909,18838,813,27
3929,18858,813,9
3949,18878,813,2
3969,18898,813,0
3989,18918,814,0
4009,18938,814,0
4029,18958,813,0
4049,18978,813,0
4070,18999,813,0
4089,19018,813,0
4109,19038,813,0
4129,19058,773,-27
4149,19078,746,-82
4169,19098,735,-77
4189,19118,732,-44
4209,19138,724,-20
4229,19158,653,-62
4249,19178,573,-176
4269,19198,530,-210
4289,19218,517,-146
4309,19238,502,-74
4329,19258,426,-94
4349,19278,346,-193
4369,19298,304,-216
4389,19318,289,-148
4409,19338,285,-74
4429,19358,272,-39
4449,19378,264,-35
4469,19398,260,-28
4489,19418,260,-14
4509,19438,260,-4
4529,19458,260,-1
4549,19478,259,0
4569,19498,260,0
4589,19518,260,0
4609,19538,267,0
4629,19558,339,58
4650,19579,410,175
4669,19598,439,184
4689,19618,449,116
4709,19638,456,55
4729,19658,525,71
4750,19679,616,181
4769,19698,704,250
4789,19718,777,269
4809,19738,809,221
4829,19758,874,163
4849,19778,932,187
4869,19798,957,168
4889,19818,966,100
4909,19838,967,46
4929,19858,967,16
4949,19878,967,4
4969,19898,967,1
4989,19918,967,0
5009,19938,967,0
5029,19958,968,0
5049,19978,967,0
5069,19998,967,0
5089,20018,967,0
5109,20038,963,0
5129,20058,890,-53
5149,20078,804,-176
5169,20098,734,-239
5189,20118,705,-203
5209,20138,686,-119
5229,20158,610,-117
5249,20178,520,-205
5269,20198,438,-258
5289,20218,396,-239
5309,20238,383,-153
5329,20258,359,-86
5349,20278,341,-73
5369,20298,334,-55
5389,20318,333,-30
5409,20338,333,-12
5429,20358,332,-3
5449,20378,333,-1
5469,20398,333,0
5489,20418,333,0
5509,20438,339,0
5529,20458,395,48
5549,20478,431,119
5569,20498,445,106
5589,20518,449,59
5609,20538,451,26
5629,20558,514,50
5649,20578,602,161
5669,20598,690,244
5689,20618,784,275
5709,20638,873,286
5729,20658,965,289
5749,20678,1028,275
5769,20698,1052,205
5789,20718,1060,109
5809,20738,1061,46
5829,20758,1067,20
5849,20778,1071,17
5869,20798,1072,12
5889,20818,1072,5
5909,20838,1072,2
5929,20858,1072,0
5949,20878,1071,0
5969,20898,1072,0
5989,20918,1072,0
6009,20938,1068,0
6029,20958,1000,-52
6049,20978,951,-147
6069,20998,931,-139
6089,21018,924,-80
6109,21038,915,-37
6129,21058,840,-77
6149,21078,752,-190
6169,21098,660,-256
6189,21118,594,-267
6209,21138,565,-207
6229,21158,500,-154
6249,21178,448,-179
6269,21198,427,-152
6289,21218,421,-85
6309,21238,420,-38
6329,21258,420,-13
6349,21278,420,-3
6369,21298,420,-1
6389,21318,419,0
6409,21338,420,0
6429,21358,422,1
6449,21378,426,7
6469,21398,427,8
6489,21418,427,4
6509,21438,431,2
6529,21458,498,49
6549,21478,585,168
6569,21498,676,247
6589,21518,759,274
6609,21538,807,247
6629,21558,875,200
6649,21578,922,195
6669,21598,939,146
6689,21618,946,78
6709,21638,949,35
6729,21658,965,26
6749,21678,974,37
6769,21698,978,30
6789,21718,978,15
6809,21738,978,5
6829,21758,978,1
6849,21778,978,0
6869,21798,978,0
6889,21818,978,0
6909,21838,976,0
6929,21858,947,-23
6949,21878,926,-63
6969,21898,917,-59
6989,21918,915,-34
7009,21938,906,-15
7029,21958,831,-70
7049,21978,743,-188
7069,21998,651,-255
7089,22018,560,-281
7109,22038,470,-288
7129,22058,390,-283
7149,22078,346,-243
7169,22098,332,-154
7189,22118,328,-73
7209,22138,328,-29
7229,22158,328,-9
7249,22178,328,-2
7269,22198,328,0
7289,22218,329,0
7309,22238,328,0
7329,22258,328,0
7349,22278,328,0
7369,22298,328,0
7389,22318,328,0
7409,22338,328,0
7429,22358,328,0
7449,22378,328,0
7469,22398,328,0
7489,22418,328,0
7509,22438,328,0
7529,22458,328,0
7549,22478,328,0
7569,22498,328,0
7589,22518,328,0
7609,22538,332,0
7629,22558,379,39
7649,22578,410,101
7669,22598,423,90
7689,22618,427,52
7709,22638,428,22
7729,22658,491,49
7749,22678,577,162
7769,22698,646,232
7789,22718,674,199
7809,22738,685,114
7829,22758,740,90
7849,22778,781,134
7869,22798,797,118
7889,22818,802,67
7909,22838,806,30
7929,22858,830,31
7949,22878,845,54
7969,22898,851,45
7989,22918,852,24
8009,22938,855,10
8029,22958,886,29
8049,22978,908,69
8069,22998,916,61
8089,23018,918,34
8109,23038,919,14
8129,23058,926,11
8149,23078,932,17
8168,23097,934,15
8188,23117,933,8
8208,23137,934,2
8228,23157,934,0
8248,23177,934,0
8268,23197,934,0
8289,23218,934,0
8309,23238,930,0
8329,23258,857,-55
8349,23278,790,-168
8369,23298,760,-178
8389,23318,751,-111
8409,23338,743,-52
8429,23358,674,-75
8449,23378,625,-156
8469,23398,604,-143
8489,23418,597,-82
8509,23438,595,-37
8529,23458,584,-23
8549,23478,578,-26
8569,23498,576,-20
8589,23518,576,-9
8609,23538,576,-2
8629,23558,639,41
8648,23577,695,137
8669,23598,719,149
8689,23618,727,91
8709,23638,736,42
8729,23658,804,75
8749,23678,852,155
8769,23698,872,139
8789,23718,878,79
8809,23738,882,36
8829,23758,898,28
8849,23778,909,40
8869,23798,913,32
8888,23817,913,17
8909,23838,913,5
8929,23858,913,1
8949,23878,913,0
8969,23898,913,0
8989,23918,913,0
9009,23938,912,0
9029,23958,845,-48
9049,23978,792,-146
9069,23998,771,-144
9088,24017,764,-87
9108,24037,759,-40
9128,24057,728,-41
9148,24077,707,-71
9169,24098,698,-61
9189,24118,696,-33
9208,24137,697,-14
9228,24157,697,-4
9249,24178,697,-1
9269,24198,697,0
9289,24218,697,0
9308,24237,696,0
9329,24258,689,-5
9348,24277,684,-14
9368,24297,683,-13
9389,24318,683,-6
9409,24338,688,-1
9428,24357,757,51
9449,24378,820,163
9468,24397,846,167
9489,24418,855,99
9508,24437,859,47
9528,24457,921,62
9548,24477,968,138
9568,24497,986,133
9588,24517,993,78
9608,24537,996,35
9628,24557,1017,30
9648,24577,1031,49
9668,24597,1036,41
9688,24617,1037,22
9708,24637,1038,8
9728,24657,1037,2
9748,24677,1037,0
9768,24697,1037,0
9788,24717,1037,0
9808,24737,1033,0
9828,24757,960,-54
9848,24777,896,-164
9868,24797,867,-173
9888,24817,860,-107
9908,24837,851,-49
9928,24857,779,-74
9948,24877,717,-169
9968,24897,689,-172
9988,24917,681,-105
10008,24937,679,-48
10028,24957,674,-22
10048,24977,669,-17
10068,24997,668,-12
10088,25017,668,-6
10108,25037,668,-1
10128,25057,668,0
10148,25077,668,0
10168,25097,668,0
10188,25117,668,0
10208,25137,668,0
10228,25157,689,12
10248,25177,706,45
10268,25197,713,46
10288,25217,714,27
10308,25237,722,11
10328,25257,793,59
10348,25277,880,177
10368,25297,957,245
10388,25317,993,222
10408,25337,1004,137
10428,25357,1015,68
10448,25377,1021,41
10468,25397,1023,24
10488,25417,1023,10
10508,25437,1023,3
10528,25457,1023,0
10548,25477,1023,0
10568,25497,1023,0
10588,25517,1023,0
10608,25537,1023,0
10628,25557,1023,0
10648,25577,1023,0
10668,25597,1023,0
10688,25617,1023,0
10708,25637,1018,0
10728,25657,945,-54
10748,25677,857,-177
10768,25697,770,-250
10788,25717,719,-249
10808,25737,700,-174
10828,25757,678,-100
10848,25777,664,-72
10868,25797,659,-49
10888,25817,658,-25
10908,25837,657,-9
10928,25857,644,-13
10948,25877,637,-26
10968,25897,634,-22
10988,25917,634,-11
11008,25937,634,-3
11028,25957,634,-1
11048,25977,634,0
11068,25997,634,0
11088,26017,634,0
11108,26037,637,0
11128,26057,707,51
11149,26078,761,153
11168,26097,782,147
11188,26117,788,87
11208,26137,793,39
11228,26157,823,40
11248,26177,843,69
11268,26197,850,59
11288,26217,852,32
11308,26237,853,12
11328,26257,867,14
11348,26277,880,33
11368,26297,885,33
11388,26317,885,19
11408,26337,885,7
11428,26357,885,2
11448,26377,885,0
11468,26397,885,0
11488,26417,885,0
11508,26437,885,0
11528,26457,885,0
11548,26477,885,0
11568,26497,885,0
11588,26517,885,0
11608,26537,885,0
11628,26557,831,-32
11648,26577,779,-123
11668,26597,758,-136
11688,26617,750,-84
11708,26637,740,-40
11728,26657,666,-74
11748,26677,578,-187
11768,26697,489,-254
11788,26717,430,-259
11808,26737,410,-189
11828,26757,404,-98
11848,26777,404,-40
11868,26797,403,-13
11888,26817,404,-4
11908,26837,404,-1
11928,26857,405,0
11948,26877,407,2
11968,26897,408,4
11988,26917,409,4
12008,26937,410,2
12028,26957,474,42
12048,26977,535,145
12068,26997,561,161
12088,27017,570,101
12108,27037,581,49
12128,27057,654,78
12148,27077,743,187
12168,27097,833,253
12188,27117,898,265
12209,27138,927,203
12228,27157,962,134
12249,27178,984,107
12268,27197,991,75
12288,27217,994,38
12308,27237,994,15
12328,27257,995,5
12348,27277,994,1
12368,27297,994,0
12388,27317,994,0
12409,27338,994,0
12429,27358,994,0
12449,27378,994,0
12469,27398,995,0
12489,27418,994,0
12509,27438,993,0
12529,27458,966,-19
12549,27478,946,-58
12569,27498,938,-56
12589,27518,936,-32
12609,27538,926,-14
12629,27558,852,-69
12649,27578,764,-188
12669,27598,672,-255
12689,27618,581,-281
12709,27638,490,-288
12729,27658,404,-289
12749,27678,355,-256
12768,27697,340,-173
12788,27717,336,-85
12809,27738,335,-31
12829,27758,322,-20
12849,27778,314,-29
12868,27797,310,-25
12889,27818,310,-13
12909,27838,308,-4
12929,27858,295,-13
12948,27877,288,-28
12968,27897,285,-25
12988,27917,284,-12
13009,27938,292,-2
13029,27958,366,62
13049,27978,430,171
13069,27998,458,173
13089,28018,468,106
13109,28038,473,50
13129,28058,540,67
13149,28078,627,174
13169,28098,718,250
13189,28118,781,261
13209,28138,808,198
13229,28158,832,122
13249,28178,844,83
13269,28198,849,48
13289,28218,849,22
13309,28238,849,7
13328,28257,849,2
13349,28278,849,0
13369,28298,849,0
13389,28318,849,0
13409,28338,849,0
13429,28358,849,0
13448,28377,849,0
13469,28398,849,0
13489,28418,849,0
13508,28437,847,0
13529,28458,816,-26
13549,28478,795,-65
13569,28498,786,-60
13589,28518,783,-34
13609,28538,774,-16
13629,28558,700,-69
13649,28578,611,-188
13669,28598,530,-252
13689,28618,491,-230
13708,28637,478,-149
13729,28658,457,-81
13749,28678,444,-63
13769,28698,440,-43
13789,28718,439,-21
13809,28738,439,-7
13829,28758,439,-2
13849,28778,439,0
13868,28797,439,0
13889,28818,439,0
13909,28838,445,0
13929,28858,498,48
13948,28877,530,111
13969,28898,544,98
13988,28917,548,56
14009,28938,549,23
14029,28958,611,47
14049,28978,697,160
14069,28998,786,243
14089,29018,843,251
14109,29038,866,183
14129,29058,896,116
14149,29078,912,91
14169,29098,918,58
14189,29118,919,28
14209,29138,920,10
14229,29158,927,10
14249,29178,932,16
14269,29198,934,14
14289,29218,934,7
14309,29238,934,2
14328,29257,934,0
14349,29278,934,0
14369,29298,933,0
14389,29318,934,0
14408,29337,931,0
14429,29358,855,-58
14449,29378,767,-182
14469,29398,675,-253
14489,29418,585,-280
14509,29438,517,-272
14529,29458,437,-246
14549,29478,391,-228
14569,29498,374,-157
14589,29518,369,-80
14609,29538,369,-33
14629,29558,368,-10
14649,29578,368,-3
14669,29598,368,0
14689,29618,368,0
14708,29637,369,0
14729,29658,368,0
14749,29678,368,0
14769,29698,369,0
14789,29718,369,0
14809,29738,376,0
14829,29758,448,60
14849,29778,537,182
14869,29798,627,252
14889,29818,696,267
14909,29838,729,212
14929,29858,801,165
14949,29878,887,214
14969,29898,943,239
14989,29918,965,179
15009,29938,972,95
15029,29958,979,45
15049,29978,982,27
15069,29998,984,15
15089,30018,984,6
15109,30038,984,2
15129,30058,984,0
15149,30078,984,0
15168,30097,984,0
15189,30118,984,0
15208,30137,984,0
15228,30157,932,-32
15248,30177,887,-114
15269,30198,868,-119
15288,30217,862,-73
15308,30237,861,-33
15328,30257,797,-51
15348,30277,710,-161
15368,30297,619,-244
15388,30317,530,-277
15408,30337,468,-267
15428,30357,425,-213
15449,30378,406,-143
15468,30397,399,-81
15488,30417,398,-37
15508,30437,397,-13
15528,30457,398,-3
15548,30477,397,-1
15568,30497,398,0
15588,30517,398,0
15609,30538,398,0
15628,30557,398,0
15648,30577,398,0
15668,30597,397,0
15688,30617,398,0
15708,30637,405,0
15728,30657,479,57
15749,30678,568,185
15768,30697,658,252
15788,30717,734,273
15808,30737,770,230
15828,30757,806,155
15848,30777,829,118
15868,30797,838,80
15888,30817,840,41
15908,30837,840,16
15928,30857,840,5
15948,30877,840,1
15968,30897,840,0
15988,30917,840,0
16008,30937,841,0
16028,30957,846,4
16048,30977,850,11
16068,30997,851,10
16088,31017,851,5
16108,31037,851,1
16128,31057,824,-16
16148,31077,795,-64
16168,31097,782,-72
16188,31117,779,-46
16208,31137,769,-22
16228,31157,695,-69
16248,31177,605,-187
16268,31197,515,-255
16288,31217,424,-280
16308,31237,356,-276
16328,31257,324,-217
16348,31277,312,-128
16368,31297,309,-61
16388,31317,308,-24
16408,31337,309,-7
16428,31357,308,-2
16448,31377,308,0
16468,31397,308,0
16488,31417,308,0
16508,31437,308,0
16528,31457,374,41
16548,31477,461,160
16568,31497,536,236
16588,31517,570,216
16608,31537,591,134
16628,31557,666,122
16648,31577,754,204
16668,31597,845,259
16688,31617,918,272
16707,31636,948,226
16728,31657,959,128
16748,31677,962,58
16768,31697,962,21
16788,31717,961,6
16808,31737,962,2
16828,31757,968,5
16848,31777,973,13
16868,31797,973,11
16888,31817,973,5
16908,31837,974,2
16928,31857,973,0
16948,31877,974,0
16968,31897,974,0
16988,31917,974,0
17008,31937,973,0
17028,31957,908,-40
17048,31977,820,-161
17068,31997,730,-245
17088,32017,641,-276
17108,32037,587,-262
17128,32057,518,-213
17148,32077,465,-206
17168,32097,444,-163
17188,32117,438,-90
17208,32137,436,-40
17228,32157,427,-21
17248,32177,422,-22
17268,32197,420,-17
17288,32217,420,-8
17308,32237,420,-2
17328,32257,420,0
17348,32277,420,0
17369,32298,420,0
17388,32317,420,0
17408,32337,422,0
17428,32357,450,22
17448,32377,469,59
17468,32397,476,54
17488,32417,477,29
17508,32437,488,12
17528,32457,562,67
17548,32477,651,186
17568,32497,741,255
17588,32517,833,279
17608,32537,909,280
17628,32557,979,255
17648,32577,1017,214
17668,32597,1031,139
17688,32617,1034,68
17708,32637,1034,26
17728,32657,1034,8
17748,32677,1034,2
17768,32697,1034,0
17788,32717,1034,0
17808,32737,1034,0
17828,32757,1034,0
17847,9,1034,0
17867,29,1034,0
17887,49,1034,0
17907,69,1035,0
17927,89,973,-35
17947,109,886,-153
17967,129,795,-241
17987,149,711,-273
18007,169,657,-249
18027,189,576,-217
18047,209,487,-246
18067,229,396,-275
18087,249,328,-275
18107,269,300,-212
18127,289,284,-125
18147,309,277,-70
18167,329,276,-34
18187,349,276,-12
18207,369,276,-3
18227,389,276,-1
18247,409,276,0
18267,429,276,0
18287,449,276,0
18307,469,276,0
18327,489,285,4
18347,509,292,20
18367,529,295,22
18387,549,296,12
18407,569,306,6
18427,589,379,65
18447,609,469,184
18467,629,559,252
18487,649,651,278
18507,669,731,285
18527,689,815,268
18547,709,892,264
18567,729,932,232
18587,749,945,145
18607,769,949,69
18627,789,955,32
18647,809,958,20
18667,829,959,12
18687,849,959,5
18707,869,959,1
18727,889,958,0
18747,909,959,0
18767,929,959,0
18787,949,959,0
18806,968,959,0
18827,989,909,-32
18847,1009,870,-107
18867,1029,853,-108
18887,1049,849,-63
18907,1069,845,-29
18927,1089,777,-59
18947,1109,688,-173
18967,1129,598,-250
18987,1149,506,-279
19007,1169,420,-286
19027,1189,368,-259
19047,1209,348,-178
19067,1229,342,-91
19087,1249,342,-37
19107,1269,342,-12
19127,1289,335,-8
19147,1309,329,-16
19167,1329,327,-15
19187,1349,327,-8
19207,1369,327,-2
19227,1389,327,0
19247,1409,327,0
19267,1429,327,0
19287,1449,327,0
19307,1469,334,0
19327,1489,408,61
19347,1509,488,179
19367,1529,527,206
19387,1549,542,140
19407,1569,546,69
19427,1589,609,67
19447,1609,696,167
19467,1629,786,246
19487,1649,876,276
19507,1669,967,286
19527,1689,1049,286
19547,1709,1091,244
19567,1729,1103,151
19587,1749,1106,69
19607,1769,1106,26
19627,1789,1106,8
19647,1809,1106,2
19667,1829,1106,0
19687,1849,1106,0
19707,1869,1106,0
19727,1889,1103,-1
19747,1909,1095,-11
19767,1929,1091,-17
19787,1949,1091,-11
19807,1969,1081,-5
19827,1989,1007,-66
19847,2009,919,-186
19867,2029,828,-255
19887,2049,745,-277
19907,2069,694,-246
19927,2089,613,-212
19947,2109,523,-245
19967,2129,434,-274
19987,2149,379,-262
20007,2169,358,-184
20027,2189,346,-99
20047,2209,339,-53
20067,2229,338,-27
20087,2249,338,-11
20107,2269,338,-3
20127,2289,338,-1
20147,2309,338,0
20167,2329,338,0
20187,2349,338,0
20207,2369,338,0
20227,2389,339,0
20247,2409,341,2
20267,2429,341,3
20287,2449,341,1
20307,2469,342,0
20327,2489,406,42
20347,2509,492,160
20367,2529,582,242
20387,2549,674,275
20407,2569,753,280
20427,2589,837,266
20447,2609,894,251
20467,2629,915,183
20487,2649,921,96
20507,2669,922,40
20527,2689,922,13
20547,2709,922,4
20567,2729,922,1
20587,2749,922,0
20607,2769,922,0
20627,2789,922,0
20647,2809,922,0
20667,2829,922,0
20687,2849,922,0
20707,2869,922,0
20727,2889,858,-40
20747,2909,778,-159
20767,2929,736,-202
20787,2949,720,-142
20807,2969,705,-73
20827,2989,629,-98
20847,3009,540,-200
20867,3029,449,-259
20887,3049,358,-282
20907,3069,268,-288
20927,3089,195,-282
20947,3109,163,-224
20967,3129,153,-128
20987,3149,151,-56
21007,3169,151,-20
21027,3189,151,-6
21047,3209,151,-1
21067,3229,152,0
21087,3249,152,0
21107,3269,161,1
21127,3289,229,62
21147,3309,273,149
21167,3329,291,131
21187,3349,296,74
21206,3368,299,34
21226,3388,363,53
21246,3408,449,162
21266,3428,540,243
21286,3448,631,275
21306,3468,723,287
21326,3488,813,290
21346,3508,905,291
21366,3528,986,288
21387,3549,1029,243
21407,3569,1041,150
21427,3589,1044,68
21446,3608,1043,26
21466,3628,1043,7
21486,3648,1043,2
21507,3669,1043,0
21527,3689,1043,0
21546,3708,1043,0
21567,3729,1043,0
21587,3749,1043,0
21607,3769,1043,0
21627,3789,1043,0
21647,3809,1043,0
21667,3829,1043,0
21687,3849,1043,0
21706,3868,1037,0
21726,3888,964,-56
21747,3909,872,-185
21766,3928,784,-252
21787,3949,690,-279
21807,3969,598,-289
21827,3989,507,-292
21846,4008,417,-292
21866,4028,327,-293
21886,4048,244,-289
21906,4068,199,-252
21926,4088,176,-168
21946,4108,166,-96
21966,4128,163,-48
21986,4148,163,-19
22006,4168,163,-6
22026,4188,163,-1
22046,4208,163,0
22067,4229,163,0
22086,4248,163,0
22106,4268,163,0
22126,4288,212,31
22147,4309,252,108
22166,4328,268,108
22186,4348,273,64
22206,4368,284,31
22227,4389,359,78
22246,4408,444,186
22266,4428,535,253
22286,4448,625,278
22306,4468,687,267
22326,4488,746,225
22346,4508,776,181
22366,4528,788,113
22386,4548,790,55
22406,4568,793,22
22427,4589,826,34
22446,4608,849,72
22467,4629,858,65
22486,4648,860,37
22506,4668,864,16
22526,4688,919,47
22546,4708,958,119
22566,4728,973,112
22586,4748,979,65
22606,4768,983,29
22626,4788,1009,33
22646,4808,1026,60
22666,4828,1032,50
22686,4848,1033,26
22706,4868,1033,10
22726,4888,1033,2
22746,4908,1033,0
22766,4928,1033,0
22786,4948,1033,0
22806,4968,1035,0
22826,4988,1044,9
22846,5008,1051,21
22866,5028,1054,19
22886,5048,1054,10
22906,5068,1057,4
22926,5088,1078,19
22946,5108,1090,44
22966,5128,1095,37
22986,5148,1095,20
23006,5168,1096,7
23026,5188,1117,16
23046,5208,1134,46
23066,5228,1141,46
23086,5248,1142,26
23106,5268,1142,9
23126,5288,1150,8
23146,5308,1155,16
23166,5328,1157,15
23186,5348,1157,8
23206,5368,1157,2
23226,5388,1157,0
23246,5408,1157,0
23266,5428,1157,0
23286,5448,1157,0
23306,5468,1157,0
23326,5488,1153,-2
23346,5508,1145,-12
23366,5528,1141,-18
23386,5548,1140,-12
23406,5568,1130,-6
23426,5588,1055,-64
23446,5608,980,-179
23466,5628,945,-197
23486,5648,934,-128
23506,5668,921,-63
23526,5688,846,-86
23546,5708,774,-185
23566,5728,740,-196
23586,5748,729,-125
23606,5768,723,-59
23626,5788,655,-71
23646,5808,593,-162
23666,5828,566,-169
23686,5848,557,-104
23706,5868,553,-48
23726,5888,528,-37
23746,5908,510,-60
23766,5928,503,-53
23786,5948,501,-30
23806,5968,499,-12
23826,5988,487,-14
23846,6008,478,-28
23866,6028,476,-24
23886,6048,476,-11
23906,6068,476,-3
23926,6088,476,-1
23946,6108,476,0
23966,6128,476,0
23986,6148,476,0
24006,6168,478,0
24026,6188,504,21
24046,6208,522,55
24066,6228,528,51
24086,6248,530,28
24106,6268,540,12
24126,6288,614,65
24146,6308,702,184
24166,6328,781,249
24186,6348,819,227
24206,6368,832,142
24226,6388,882,100
24246,6408,920,128
24266,6428,935,110
24286,6448,939,62
24306,6468,941,28
24326,6488,956,20
24346,6508,967,35
24366,6528,972,34
24386,6548,973,19
24406,6568,976,7
24426,6588,1000,23
24446,6608,1016,53
24466,6628,1022,47
24486,6648,1023,25
24506,6668,1024,9
24526,6688,1031,9
24546,6708,1039,19
24566,6728,1042,19
24586,6748,1042,10
24606,6768,1041,3
24626,6788,1042,1
24646,6808,1042,0
24666,6828,1042,0
24686,6848,1042,0
24706,6868,1040,0
24726,6888,1003,-29
24746,6908,979,-77
24766,6928,971,-69
24786,6948,968,-38
24806,6968,966,-15
24826,6988,946,-20
24846,7008,929,-47
24866,7028,923,-45
24886,7048,922,-25
24906,7068,921,-10
24926,7088,912,-10
24946,7108,906,-20
24966,7128,903,-19
24986,7148,903,-9
25006,7168,900,-3
25026,7188,878,-21
25046,7208,864,-48
25066,7228,859,-41
25086,7248,858,-22
25106,7268,856,-8
25126,7288,821,-29
25146,7308,796,-75
25166,7328,786,-71
25186,7348,783,-41
25206,7368,775,-19
25226,7388,726,-51
25246,7408,696,-107
25266,7428,684,-92
25286,7448,681,-50
25306,7468,678,-20
25326,7488,655,-26
25346,7508,640,-51
25366,7528,635,-43
25386,7548,634,-23
25406,7568,630,-9
25426,7588,583,-42
25446,7608,550,-103
25466,7628,537,-94
25486,7648,533,-53
25506,7668,531,-23
25526,7688,467,-52
25546,7708,408,-149
25566,7728,383,-157
25586,7748,374,-96
25606,7768,365,-45
25626,7788,295,-76
25646,7808,235,-169
25666,7828,209,-166
25686,7848,201,-99
25706,7868,200,-44
25726,7888,200,-15
25746,7908,200,-4
25766,7928,200,-1
25786,7948,200,0
25806,7968,200,0
25826,7988,200,0
25846,8008,199,0
25866,8028,200,0
25886,8048,200,0
25906,8068,197,0
25926,8088,182,-14
25946,8108,173,-33
25966,8128,169,-28
25986,8148,169,-14
26006,8168,167,-4
26026,8188,151,-15
26046,8208,139,-37
26066,8228,134,-33
26086,8248,134,-18
26106,8268,133,-6
26126,8288,134,-1
26146,8308,134,0
26166,8328,134,0
26186,8348,134,0
26206,8368,134,0
26226,8388,138,2
26246,8408,141,8
26266,8428,142,9
26286,8448,143,5
26306,8468,144,2
26326,8488,182,28
26346,8508,209,81
26366,8528,222,78
26386,8548,225,46
26406,8568,235,21
26426,8588,307,71
26446,8608,393,186
26466,8628,453,234
26486,8648,478,185
26506,8668,489,102
26526,8688,525,73
26546,8708,550,93
26566,8728,559,75
26586,8748,562,40
26606,8768,563,16
26626,8788,627,48
26646,8808,711,163
26666,8828,759,213
26686,8848,778,158
26706,8868,784,82
26726,8888,848,75
26746,8908,927,169
26766,8928,971,206
26786,8948,986,145
26806,8968,991,72
26826,8988,996,34
26846,9008,1000,21
26865,9027,1000,13
26886,9048,1001,5
26905,9067,1001,1
26925,9087,1001,0
26945,9107,1001,0
26966,9128,1001,0
26986,9148,1000,0
27006,9168,998,0
27026,9188,926,-53
27046,9208,838,-176
27066,9228,776,-234
27086,9248,752,-188
27106,9268,738,-104
27126,9288,663,-105
27146,9308,585,-195
27166,9328,545,-209
27186,9348,533,-138
27206,9368,525,-66
27226,9388,464,-75
27246,9408,422,-139
27266,9428,406,-122
27286,9448,400,-68
27306,9468,398,-31
27326,9488,355,-42
27346,9508,322,-97
27366,9528,308,-92
27386,9548,304,-54
27406,9568,299,-25
27426,9588,272,-34
27446,9608,255,-62
27466,9628,248,-52
27486,9648,246,-28
27506,9668,247,-11
27526,9688,246,-3
27546,9708,247,0
27566,9728,246,0
27586,9748,247,0
27606,9768,253,0
27626,9788,322,58
27646,9808,378,158
27666,9828,401,154
27686,9848,408,91
27705,9867,418,44
27725,9887,490,72
27745,9907,577,182
27765,9927,661,250
27785,9947,704,238
27805,9967,720,156
27826,9988,780,113
27846,10008,822,148
27866,10028,839,127
27885,10047,845,75
27905,10067,846,33
27925,10087,863,21
27946,10108,879,42
27965,10127,886,44
27986,10148,888,26
28006,10168,888,11
28026,10188,888,3
28046,10208,888,1
28066,10228,888,0
28085,10247,888,0
28106,10268,888,0
28125,10287,888,0
28145,10307,888,0
28165,10327,888,0
28185,10347,888,0
28205,10367,884,0
28225,10387,811,-53
28245,10407,726,-175
28265,10427,668,-229
28285,10447,647,-179
28305,10467,635,-95
28325,10487,562,-95
28345,10507,474,-191
28365,10527,383,-256
28385,10547,302,-277
28405,10567,259,-243
28425,10587,213,-177
28445,10607,186,-142
28465,10627,175,-96
28485,10647,172,-50
28505,10667,172,-20
28525,10687,166,-11
28545,10707,160,-15
28565,10727,158,-14
28585,10747,158,-7
28605,10767,158,-2
28625,10787,158,0
28645,10807,158,0
28665,10827,158,0
28685,10847,158,0
28705,10867,158,0
28725,10887,180,12
28745,10907,200,50
28765,10927,209,54
28785,10947,213,33
28805,10967,221,16
28825,10987,292,65
28845,11007,380,181
28865,11027,471,251
28885,11047,559,276
28905,11067,621,265
28925,11087,703,235
28945,11107,788,252
28965,11127,838,245
28985,11147,856,171
29005,11167,863,86
29025,11187,895,61
29045,11207,915,78
29065,11227,922,62
29085,11247,924,32
29106,11268,925,12
29125,11287,930,8
29145,11307,934,13
29165,11327,936,12
29185,11347,935,6
29205,11367,936,1
29225,11387,936,0
29245,11407,936,0
29265,11427,936,0
29285,11447,936,0
29305,11467,936,0
29325,11487,871,-40
29345,11507,812,-144
29365,11527,786,-157
29385,11547,778,-97
29405,11567,769,-46
29425,11587,695,-76
29445,11607,606,-187
29465,11627,516,-255
29485,11647,449,-267
29505,11667,416,-209
29525,11687,341,-167
29545,11707,263,-215
29565,11727,223,-218
29585,11747,210,-144
29605,11767,206,-69
29625,11787,193,-36
29645,11807,183,-36
29665,11827,179,-30
29685,11847,179,-16
29705,11867,179,-5
29725,11887,179,-1
29745,11907,179,0
29765,11927,179,0
29785,11947,179,0
29805,11967,185,0
29825,11987,258,55
29845,12007,328,170
29865,12027,362,189
29885,12047,372,123
29905,12067,377,58
29925,12087,441,64
29945,12107,528,167
29965,12127,620,246
29985,12147,708,277
30005,12167,768,263
30025,12187,845,229
30045,12207,895,221
30065,12227,913,163
30085,12247,918,86
30105,12267,921,36
30125,12287,934,23
30145,12307,943,31
30165,12327,946,26
30185,12347,946,14
30205,12367,946,4
30225,12387,946,1
30245,12407,946,0
30265,12427,946,0
30285,12447,946,0
30305,12467,947,0
30325,12487,879,-41
30345,12507,820,-147
30365,12527,795,-158
30385,12547,787,-97
30405,12567,776,-46
30425,12587,702,-79
30445,12607,612,-190
30465,12627,535,-251
30485,12647,499,-224
30505,12667,488,-136
30525,12687,435,-97
30545,12707,396,-131
30565,12727,380,-114
30586,12748,375,-63
30605,12767,374,-29
30625,12787,375,-10
30645,12807,375,-2
30665,12827,375,0
30685,12847,374,0
30705,12867,375,0
30725,12887,384,6
30746,12908,391,19
30766,12928,394,19
30785,12947,394,11
30805,12967,394,3
30826,12988,460,45
30846,13008,539,161
30866,13028,582,201
30886,13048,598,143
30905,13067,605,75
30925,13087,634,55
30945,13107,653,71
30965,13127,661,59
30985,13147,662,32
31005,13167,665,13
31026,13188,688,25
31046,13208,703,51
31065,13227,709,45
31085,13247,710,24
31106,13268,710,8
31126,13288,729,14
31146,13308,747,44
31165,13327,755,47
31185,13347,757,30
31206,13368,758,13
31226,13388,770,14
31246,13408,777,25
31266,13428,779,20
31285,13447,779,10
31306,13468,776,3
31326,13488,730,-37
31345,13507,701,-96
31366,13528,688,-87
31385,13547,685,-50
31405,13567,682,-22
31425,13587,627,-48
31445,13607,586,-121
31466,13628,568,-114
31486,13648,563,-66
31505,13667,563,-30
31526,13688,562,-10
31546,13708,562,-2
31565,13727,562,0
31586,13748,562,0
31605,13767,566,0
31625,13787,639,55
31646,13808,720,179
31666,13828,759,202
31686,13848,772,134
31706,13868,775,65
31726,13888,829,58
31745,13907,879,128
31765,13927,904,141
31785,13947,911,89
31806,13968,914,40
31826,13988,920,20
31846,14008,924,17
31866,14028,926,12
31886,14048,926,6
31906,14068,926,2
31926,14088,926,0
31946,14108,926,0
31966,14128,926,0
31986,14148,926,0
32006,14168,927,0
32026,14188,865,-39
32046,14208,815,-133
32066,14228,794,-137
32086,14248,787,-82
32105,14267,778,-40
32126,14288,702,-79
32147,14309,613,-195
32166,14328,567,-225
32186,14348,550,-162
32205,14367,544,-85
32226,14388,535,-40
32246,14408,530,-29
32266,14428,528,-19
32286,14448,528,-7
32305,14467,528,-2
32326,14488,528,0
32346,14508,528,0
32366,14528,528,0
32386,14548,528,0
32406,14568,533,0
32426,14588,606,56
32446,14608,682,175
32466,14628,722,201
32486,14648,734,134
32506,14668,746,66
32526,14688,819,89
32546,14708,878,175
32566,14728,902,164
32586,14748,910,96
32606,14768,915,43
32626,14788,945,42
32646,14808,966,70
32666,14828,973,60
32685,14847,975,34
32706,14868,976,13
32726,14888,982,9
32746,14908,986,14
32766,14928,986,11
32786,14948,987,4
32806,14968,986,1
32826,14988,987,0
32846,15008,987,0
32866,15028,986,0
32886,15048,987,0
32906,15068,986,0
32926,15088,934,-30
32946,15108,846,-145
32966,15128,757,-238
32986,15148,690,-259
33006,15168,658,-204
33026,15188,613,-148
33045,15207,588,-132
33066,15228,577,-89
33086,15248,575,-45
33106,15268,575,-17
33126,15288,575,-5
33146,15308,575,-1
33166,15328,575,0
33186,15348,575,0
33206,15368,575,0
33226,15388,619,30
33246,15408,653,94
33266,15428,667,93
33286,15448,671,55
33306,15468,682,26
33326,15488,756,74
33346,15508,845,189
33366,15528,934,255
33386,15548,993,260
33406,15568,1024,194
33426,15588,1071,142
33446,15608,1099,133
33466,15628,1109,92
33486,15648,1112,47
33506,15668,1113,19
33526,15688,1112,6
33546,15708,1112,2
33566,15728,1112,0
33586,15748,1112,0
33605,15767,1112,0
33626,15788,1111,0
33646,15808,1113,0
33666,15828,1112,0
33686,15848,1112,0
33706,15868,1106,0
33725,15887,1034,-55
33745,15907,965,-169
33765,15927,935,-182
33785,15947,925,-114
33805,15967,915,-54
33825,15987,842,-80
33846,16008,752,-192
33866,16028,683,-244
33886,16048,655,-203
33906,16068,637,-116
33925,16087,567,-112
33945,16107,509,-180
33965,16127,487,-162
33985,16147,480,-93
34005,16167,476,-42
34026,16188,461,-29
34045,16207,452,-37
34065,16227,448,-29
34086,16248,448,-14
34105,16267,448,-4
34126,16288,448,-1
34145,16307,448,0
34165,16327,448,0
34186,16348,448,0
34205,16367,454,0
34225,16387,524,56
34245,16407,575,152
34265,16427,597,146
34285,16447,603,85
34305,16467,613,39
34325,16487,686,74
34345,16507,774,186
34365,16527,838,238
34385,16547,862,193
34405,16567,873,106
34425,16587,921,83
34445,16607,953,116
34465,16627,966,98
34485,16647,970,55
34505,16667,973,24
34525,16687,992,25
34545,16707,1005,44
34565,16727,1010,38
34585,16747,1010,20
34605,16767,1010,7
34625,16787,1010,2
34645,16807,1010,0
34665,16827,1011,0
34685,16847,1010,0
34705,16867,1011,0
34725,16887,1010,0
34745,16907,1011,0
34765,16927,1010,0
34785,16947,1010,0
34805,16967,1010,0
34825,16987,1010,0
34845,17007,1010,0
34865,17027,1010,0
34885,17047,1011,0
34905,17067,1005,0
34925,17087,931,-56
34945,17107,843,-179
34965,17127,760,-249
34985,17147,718,-235
35005,17167,703,-153
35025,17187,635,-115
35045,17207,559,-184
35065,17227,520,-203
35085,17247,508,-136
35105,17267,497,-67
35125,17287,441,-76
35145,17307,407,-127
35165,17327,394,-104
35185,17347,390,-58
35205,17367,389,-24
35225,17387,386,-11
35245,17407,385,-8
35265,17427,384,-5
35285,17447,384,-2
35305,17467,384,0
35325,17487,371,-9
35345,17507,361,-28
35365,17527,357,-27
35385,17547,357,-15
35405,17567,352,-6
35425,17587,327,-25
35445,17607,311,-56
35465,17627,304,-48
35485,17647,303,-27
35505,17667,298,-11
35525,17687,268,-32
35545,17707,249,-68
35567,17729,241,-55
35585,17747,240,-31
35605,17767,238,-13
35625,17787,216,-21
35645,17807,199,-50
35665,17827,191,-48
35685,17847,190,-28
35705,17867,187,-12
35725,17887,164,-24
35745,17907,149,-50
35765,17927,144,-44
35785,17947,143,-24
35805,17967,142,-9
35825,17987,137,-6
35845,18007,134,-10
35865,18027,133,-9
35885,18047,133,-4
35905,18067,133,-1
35925,18087,145,6
35945,18107,159,29
35965,18127,165,35
35985,18147,166,22
36005,18167,175,9
36025,18187,250,64
36045,18207,335,183
36065,18227,427,252
36085,18247,501,271
36105,18267,545,228
36125,18287,625,193
36145,18307,713,236
36165,18327,777,257
36185,18347,804,203
36205,18367,818,112
36225,18387,869,92
36245,18407,902,125
36265,18427,915,102
36285,18447,919,55
36305,18467,925,24
36325,18487,964,43
36345,18507,987,86
36365,18527,997,72
36385,18547,999,39
36405,18567,999,16
36425,18587,999,5
36445,18607,999,1
36465,18627,1000,0
36485,18647,999,0
36505,18667,1000,0
36525,18687,942,-32
36545,18707,854,-149
36565,18727,783,-231
36585,18747,751,-208
36605,18767,732,-126
36625,18787,654,-119
36645,18807,565,-206
36665,18827,474,-261
36685,18847,387,-282
36705,18867,334,-261
36725,18887,301,-190
36745,18907,288,-118
36765,18927,283,-63
36785,18947,283,-27
36805,18967,284,-9
36825,18987,283,-2
36845,19007,283,0
36865,19027,283,0
36885,19047,283,0
36905,19067,288,0
36925,19087,333,40
36945,19107,362,96
36965,19127,372,85
36985,19147,376,47
37005,19167,385,22
37025,19187,461,70
37045,19207,550,186
37065,19227,638,254
37085,19247,726,280
37105,19267,778,259
37125,19287,807,178
37145,19307,884,154
37165,19327,949,207
37185,19347,977,185
37205,19367,986,109
37225,19387,994,54
37245,19407,998,31
37265,19427,999,17
37285,19447,999,6
37305,19467,999,1
37325,19487,999,0
37345,19507,999,0
37365,19527,999,0
37385,19547,999,0
37405,19567,999,0
37425,19587,942,-34
37445,19607,855,-152
37465,19627,788,-228
37485,19647,759,-195
37505,19667,743,-114
37525,19687,667,-112
37545,19707,578,-204
37565,19727,487,-261
37585,19747,395,-282
37605,19767,319,-279
37625,19787,240,-258
37645,19807,187,-242
37665,19827,167,-173
37685,19847,161,-90
37705,19867,160,-37
37725,19887,161,-12
37745,19907,161,-3
37765,19927,161,-1
37785,19947,161,0
37805,19967,163,0
37825,19987,191,24
37845,20007,209,60
37865,20027,216,52
37885,20047,218,29
37905,20067,228,13
37925,20087,300,68
37945,20107,388,185
37965,20127,472,250
37985,20147,517,239
38005,20167,534,158
38025,20187,600,118
38045,20207,687,189
38065,20227,754,241
38085,20247,783,201
38105,20267,796,115
38125,20287,833,83
38145,20307,855,94
38165,20327,864,71
38185,20347,866,37
38205,20367,868,15
38225,20387,880,16
38245,20407,887,27
38265,20427,890,23
38285,20447,890,11
38305,20467,890,3
38325,20487,891,1
38345,20507,891,1
38365,20527,891,1
38385,20547,892,1
38405,20567,891,0
38425,20587,885,-3
38445,20607,878,-14
38465,20627,875,-18
38485,20647,875,-10
38505,20667,866,-4
38525,20687,815,-51
38545,20707,781,-114
38565,20727,768,-99
38585,20747,764,-55
38605,20767,764,-23
38625,20787,763,-7
38645,20807,764,-2
38665,20827,764,0
38685,20847,764,0
38705,20867,764,0
38725,20887,775,7
38745,20907,786,26
38765,20927,789,27
38785,20947,790,14
38805,20967,790,5
38825,20987,790,1
38845,21007,790,0
38865,21027,789,0
38885,21047,790,0
38905,21067,791,0
38925,21087,815,17
38945,21107,836,54
38965,21127,844,55
38985,21147,846,32
39005,21167,855,15
39025,21187,928,68
39045,21207,989,169
39065,21227,1014,166
39085,21247,1022,99
39105,21267,1028,45
39125,21287,1054,41
39145,21307,1071,62
39165,21327,1078,51
39185,21347,1079,28
39205,21367,1079,10
39225,21387,1088,9
39245,21407,1095,20
39265,21427,1098,19
39285,21447,1098,10
39305,21467,1101,3
39325,21487,1123,20
39345,21507,1137,46
39365,21527,1142,39
39385,21547,1142,20
39405,21567,1146,7
39425,21587,1167,23
39445,21607,1180,47
39465,21627,1186,40
39485,21647,1187,22
39505,21667,1187,8
39525,21687,1195,7
39545,21707,1201,17
39565,21727,1203,17
39585,21747,1204,9
39605,21767,1205,3
39625,21787,1214,9
39645,21807,1219,18
39665,21827,1221,15
39685,21847,1221,7
39705,21867,1220,2
39725,21887,1218,-1
39745,21907,1216,-4
39765,21927,1215,-5
39785,21947,1216,-2
39805,21967,1216,0
39825,21987,1153,-40
39845,22007,1085,-148
39865,22027,1056,-170
39885,22047,1046,-108
39905,22067,1035,-52
39925,22087,960,-84
39945,22107,874,-191
39965,22127,820,-231
39984,22146,799,-177
40004,22166,790,-95
40025,22187,758,-66
40045,22207,740,-78
40065,22227,732,-59
40085,22247,731,-31
40105,22267,731,-11
40125,22287,731,-3
40145,22307,731,-1
40165,22327,731,0
40185,22347,731,0
40204,22366,736,0
40224,22386,808,54
40245,22407,869,165
40265,22427,895,163
40284,22446,903,101
40305,22467,914,45
40324,22486,979,73
40344,22506,1026,151
40364,22526,1043,136
40384,22546,1049,76
40404,22566,1050,33
40425,22587,1055,14
40444,22606,1058,12
40465,22627,1058,9
40484,22646,1058,4
40504,22666,1060,2
40524,22686,1069,9
40545,22707,1076,21
40565,22727,1078,18
40584,22746,1078,9
40604,22766,1078,2
40624,22786,1063,-10
40645,22807,1053,-30
40664,22826,1051,-25
40684,22846,1049,-13
40705,22867,1049,-6
40724,22886,1006,-25
40744,22906,957,-104
40764,22926,936,-124
40784,22946,928,-80
40804,22966,927,-38
40824,22986,927,-14
40844,23006,927,-4
40864,23026,927,-1
40884,23046,927,0
40904,23066,927,0
40924,23086,927,0
40944,23106,927,0
40964,23126,927,0
40984,23146,927,0
41004,23166,927,0
41024,23186,990,41
41044,23206,1042,138
41064,23226,1062,140
41084,23246,1069,82
41104,23266,1071,38
41124,23286,1074,17
41144,23306,1077,12
41164,23326,1078,8
41184,23346,1078,3
41204,23366,1072,0
41224,23386,1013,-49
41244,23406,973,-127
41264,23426,959,-114
41284,23446,954,-63
41304,23466,953,-28
41324,23486,943,-16
41344,23506,934,-25
41364,23526,931,-24
41384,23546,931,-13
41404,23566,931,-4
41424,23586,931,-1
41444,23606,931,0
41464,23626,931,0
41484,23646,931,0
41504,23666,929,0
41524,23686,918,-10
41544,23706,910,-25
41564,23726,907,-22
41584,23746,907,-11
41604,23766,907,-3
41624,23786,881,-16
41644,23806,860,-56
41664,23826,850,-59
41684,23846,848,-36
41704,23866,844,-16
41724,23886,810,-34
41744,23906,788,-73
41764,23926,780,-64
41784,23946,777,-36
41804,23966,774,-15
41824,23986,748,-28
41844,24006,731,-58
41865,24027,724,-49
41884,24046,723,-27
41904,24066,720,-11
41924,24086,664,-44
41944,24106,622,-122
41964,24126,605,-118
41984,24146,599,-69
42004,24166,589,-33
42024,24186,536,-62
42044,24206,503,-119
42064,24226,490,-100
42084,24246,486,-55
42104,24266,479,-25
42124,24286,438,-46
42144,24306,413,-91
42164,24326,402,-77
42184,24346,399,-43
42204,24366,399,-17
42224,24386,363,-30
42244,24406,333,-82
42264,24426,321,-82
42284,24446,316,-49
42304,24466,309,-22
42324,24486,267,-47
42344,24506,239,-96
42364,24526,229,-83
42384,24546,225,-46
42404,24566,222,-19
42424,24586,191,-33
42444,24606,171,-68
42464,24626,163,-60
42484,24646,161,-33
42505,24667,160,-12
42524,24686,133,-20
42544,24706,106,-64
42564,24726,95,-71
42584,24746,91,-44
42604,24766,89,-20
42624,24786,79,-16
42644,24806,72,-24
42664,24826,70,-20
42684,24846,70,-10
42704,24866,68,-3
42724,24886,58,-10
42744,24906,51,-23
42764,24926,49,-19
42784,24946,49,-9
42804,24966,49,-3
42824,24986,46,-2
42844,25006,44,-6
42864,25026,43,-5
42884,25046,43,-3
42904,25066,43,-1
42924,25086,39,-3
42944,25106,37,-7
42964,25126,36,-6
42984,25146,36,-3
43004,25166,36,-1
43024,25186,36,0
43044,25206,37,0
43064,25226,36,0
43084,25246,36,0
43104,25266,36,0
43124,25286,36,0
43144,25306,36,0
43164,25326,36,0
43184,25346,36,0
43204,25366,36,0
43224,25386,36,0
43244,25406,36,0
43264,25426,36,0
43284,25446,36,0
43304,25466,36,0
43324,25486,36,0
43344,25506,36,0
43364,25526,36,0
43384,25546,36,0
43404,25566,36,0
43424,25586,36,0
43444,25606,36,0
43464,25626,36,0
43484,25646,36,0
43504,25666,36,0
43524,25686,36,0
43544,25706,36,0
43564,25726,36,0
43584,25746,36,0
43604,25766,36,0
43624,25786,36,0
43644,25806,36,0
43664,25826,36,0
43684,25846,36,0
43704,25866,36,0
43724,25886,36,0
43744,25906,36,0
43764,25926,36,0
43784,25946,36,0
43804,25966,36,0
43824,25986,36,0
43844,26006,36,0
43864,26026,36,0
43884,26046,36,0
43904,26066,36,0
43924,26086,37,0
43944,26106,36,0
43964,26126,36,0
43984,26146,36,0
44004,26166,36,0
44024,26186,36,0
44044,26206,36,0
44064,26226,36,0
44084,26246,36,0
44104,26266,36,0
44124,26286,36,0
44144,26306,36,0
44164,26326,36,0
44184,26346,36,0
44204,26366,36,0
44224,26386,36,0
44244,26406,36,0
44264,26426,36,0
44284,26446,36,0
44304,26466,36,0
44324,26486,36,0
44344,26506,36,0
44364,26526,36,0
44384,26546,36,0
44404,26566,36,0
44424,26586,36,0
44444,26606,36,0
44464,26626,36,0
44484,26646,36,0
44504,26666,36,0
44524,26686,36,0
44544,26706,36,0
44564,26726,36,0
44584,26746,36,0
44604,26766,36,0
44624,26786,36,0
44644,26806,36,0
44664,26826,36,0
44684,26846,36,0
44704,26866,36,0
44724,26886,36,0
44744,26906,36,0
44764,26926,36,0
44784,26946,36,0
44804,26966,36,0
44824,26986,36,0
44844,27006,36,0
44864,27026,36,0
44884,27046,36,0
44904,27066,36,0
44924,27086,36,0
44944,27106,36,0
44964,27126,36,0
44984,27146,36,0
45004,27166,36,0
